{
  "w_modal": 0.45,
  "w_xgb": 0.55,
  "val_acc": 0.7682291666666666,
  "test_acc": 0.7300347222222222
}